,skills,job_title
0,"Immediate,opening,administrative,role,company,We,looking,reliable,friendly,individual,interact,daily,customers,drivers,Job,duties,include,booking,appointments,phone,email,tracking,updating,information,software,system,interacting,customers,regarding,status,shipment,administrative,functions,required,Successful,candidates,strong,administrative,background,experience,trucking,transportation,industry,asset,Job,Types,Full,time,Permanent,Salary,From,18,00,per,hour,Additional,pay,Overtime,pay,Benefits,Dental,care,Extended,health,care,Life,insurance,Vision,care,Schedule,8,hour,shift,Monday,Friday,Education,Secondary,School,Preferred,Experience,administrative,assistant,1,year,Preferred,Customer,service,1,year,Preferred,Work,remotely,No,COVID,19,precaution,Personal,protective,equipment,provided,required,Social,distancing,guidelines,place,Sanitizing,disinfecting,cleaning,procedures,place,5,days,ago,Report,job",Appointments Clerk
1,"Police,File,Reviewer,Regular,Full,Time,2,Vacancies,One,BC,Top,Employers,City,Coquitlam,offers,meaningful,career,opportunities,make,difference,within,local,community,As,sixth,largest,city,BC,home,150,000,residents,Our,diverse,municipality,great,place,work,continues,grow,innovative,urban,design,inspiring,arts,culture,recreation,programs,state,art,transportation,systems,Our,brand,built,managing,resources,responsible,sustainable,manner,supporting,vibrant,growing,regional,urban,centre,We,envision,bright,future,Coquitlam,hope,includes,We,seeking,collaborative,detailed,oriented,organized,individual,exceptional,customer,service,skills,join,RCMP,Civilian,Police,Services,Department,Police,File,Reviewer,This,role,challenging,fast,paced,involving,preparation,processing,maintenance,police,files,utilizing,Police,Records,Information,Management,System,PRIME,This,role,requires,incumbent,superior,typing,data,entry,communication,skills,verbal,written,order,effectively,prepare,process,maintain,variety,records,reports,related,material,well,provide,information,regarding,file,content,internal,external,contacts,Previous,experience,training,plus,sound,knowledge,methods,practices,procedures,used,operating,PRIME,computer,system,preferred,Hours,work,regular,full,time,positions,work,24,hour,rotating,shift,work,7,days,per,week,follow,compressed,work,week,schedule,four,10,hour,shifts,two,days,two,nights,Good,people,make,Coquitlam,great,sign,career,alerts,recruitment,portal,stay,date,opportunities,within,team,follow,us,LinkedIn,learn,YouCouldWorkHere,The,City,offers,competitive,salary,ranging,25,82,30,33,per,hour,excellent,benefits,package,Applicants,consideration,required,obtain,maintain,RCMP,Enhanced,Security,Clearance,Please,apply,online,www,coquitlam,ca,careers,11,55pm,March,12,2021,The,City,Coquitlam,Equal,Opportunity,Employer,We,thank,applicants,interest,however,selected,interview,contacted,Education,Other,trades,certificate,diploma,Experience,Experience,asset,CivicJobs,ca,5,days,ago,Report,job",Police File Reviewer
2,"Sport,Services,Program,Attendant,Regular,Full,Time,One,BC,Top,Employers,City,Coquitlam,sixth,largest,city,BC,home,150,000,residents,Our,municipality,continues,grow,innovative,urban,design,inspiring,arts,culture,recreation,programs,state,art,transportation,systems,Our,brand,built,managing,resources,responsible,sustainable,manner,supporting,vibrant,growing,regional,urban,centre,We,currently,recruiting,fill,brand,new,opportunity,within,Sport,Services,division,Sport,Services,Program,Attendant,The,Sport,Services,Program,Attendant,responsible,parks,maintenance,variety,manual,work,internal,external,sport,programs,events,tournaments,activities,City,parks,sport,amenities,This,role,assist,care,upkeep,parks,sport,amenities,set,take,equipment,various,park,engaged,events,provide,orientation,direction,volunteers,In,conjunction,superior,employee,class,provide,support,assistance,organization,delivery,parks,related,programs,activities,make,arrangements,supplies,materials,equipment,venue,bookings,In,addition,work,may,involve,operation,vehicle,various,equipment,required,complete,assigned,tasks,The,incumbent,exercises,independence,action,judgement,day,day,functions,refers,unusual,problems,policy,matters,superior,checks,reviews,work,ensure,maintenance,established,standards,The,successful,incumbent,sound,knowledge,policies,rules,regulations,relating,use,City,parks,sport,amenities,set,procedures,equipment,used,events,tournaments,activities,well,methods,materials,tools,equipment,used,maintaining,grounds,City,parks,sport,amenities,The,ability,perform,laborious,work,lifting,moving,heavy,objects,well,using,various,power,tools,expected,Completion,Grade,12,required,well,successfully,completed,post,secondary,courses,recreation,sport,administration,turf,care,horticulture,plus,experience,general,parks,maintenance,volunteer,coordination,equivalent,combination,training,experience,The,successful,candidate,must,valid,BC,driver,license,In,order,provide,high,level,service,community,Sport,Services,Program,Attendant,expected,work,flexible,schedule,include,evening,weekend,work,A,CUPE,hourly,rate,30,11,2020,rates,comprehensive,benefits,package,earned,day,program,offered,Applicants,consideration,required,undergo,police,security,clearance,evaluation,Please,apply,online,www,coquitlam,ca,careers,11,55,pm,March,14,2021,The,City,Coquitlam,Equal,Opportunity,Employer,We,thank,applicants,interest,however,selected,interview,contacted,9,days,ago,Report,job",Sport Services Program Attendant
3,"At,ICBC,job,make,sure,car,insurance,system,works,British,Columbians,today,future,If,want,make,skills,expertise,growing,career,want,A,career,ICBC,opportunity,part,talented,diverse,inclusive,team,driven,serve,customers,community,You,expect,competitive,salary,comprehensive,benefits,collaborative,work,environment,If,reliable,dependable,contact,us,today,part,talented,diverse,team,work,together,create,insurance,system,proud,We,welcome,applications,qualified,job,seekers,If,job,seeker,disability,please,let,us,know,adjustments,made,help,support,delivering,best,performance,Driver,Examiner,Temporary,Job,Title,Driver,Examiner,I,Reference,Number,114102B,Location,Various,Locations,Employment,Type,Temporary,Full,Time,Hours,Work,7,5,hr,Day,Shift,M,F,Posted,Date,2021,03,05,Position,Highlights,ICBC,continuing,expand,road,testing,phased,approach,looking,hire,additional,Driver,Examiners,initial,term,six,6,months,Our,customers,rely,driver,licensing,services,including,road,tests,ensure,drive,work,get,work,school,volunteering,important,daily,activities,As,Driver,Examiner,key,focus,conduct,road,tests,determine,knowledge,ability,drivers,safely,operate,commercial,vehicles,passenger,vehicles,Training,provided,first,three,3,weeks,Collision,Repair,Learning,Centre,8350,East,Lake,Drive,Burnaby,Training,start,April,12,May,3,2021,What,bring,Ability,provide,exceptional,customer,service,Ability,make,decisions,independently,challenging,customer,situations,Ability,work,variable,working,conditions,weather,customer,vehicles,etc,Data,entry,skills,cash,handling,experience,asset,Position,Requirements,Additional,requirements,include,Successful,completion,health,assessment,based,job,requirements,Completion,clean,criminal,record,check,Ministry,Public,Safety,Solicitor,General,required,Criminal,Records,Review,Act,Forms,provided,selected,Possession,valid,class,5,BC,driver,license,better,clean,driving,record,Meet,eligibility,requirement,successfully,complete,AAMVA,Driver,Examiner,Certificate,Program,Our,main,priority,protect,health,safety,employees,customers,Safety,protocols,required,Personal,Protective,Equipment,masks,eye,protection,optional,gloves,seat,covers,provided,road,examinations,Hours,operation,flexibility,within,hours,8am,6pm,Monday,Friday,9am,5pm,Saturdays,Locations,located,Lower,Mainland,The,offer,employment,position,Driver,Examiner,conditional,successful,completion,class,5,7,training,testing,probationary,period,This,role,Bargaining,Unit,position,The,wage,firm,26,59,hour,Only,candidates,legally,entitled,work,Canada,considered,position,1,day,ago,Report,job",Driver Examiner
4,"At,Lowe,Canada,26,000,employees,let,passion,blossom,every,day,Our,teams,driven,desire,help,people,bring,projects,life,committed,making,difference,communities,serve,We,operate,service,470,corporate,affiliated,dealer,stores,With,distinctive,product,service,offering,complementary,store,formats,ranging,neighbourhood,hardware,stores,big,box,stores,Lowe,RONA,Reno,Depot,Dick,Lumber,banners,always,looking,dedicated,employees,help,meet,needs,DIYers,contractors,You,got,talent,We,got,tools,Here,work,ideas,contribute,building,flourishing,organization,Your,voice,always,heard,valued,You,find,career,opportunities,live,ambitions,able,develop,unique,set,skills,So,looking,love,grow,evolve,within,family,one,best,employers,Canada,according,recent,Forbes,survey,could,perfect,Your,role,Ensure,optimal,stock,replenishing,according,store,needs,analysing,correcting,perform,work,store,system,Analyze,review,encode,promotional,orders,Carry,follow,promotional,orders,directly,suppliers,making,sure,commercial,conditions,stated,purchase,order,respected,Ensure,product,resupply,according,store,receiving,storing,rotation,capacities,Inform,customers,supplier,delays,inform,merchandiser,intervention,needed,Respect,stock,objectives,inventory,budgets,store,rotation,products,responsibility,Evaluate,supplier,service,level,delivery,delay,stores,inform,merchandiser,intervention,necessary,Perform,duties,requested,supervisor,Job,Requirements,The,qualifications,looking,Good,efficient,communication,skills,ease,team,work,Organization,autonomy,skills,enthusiasm,Available,able,work,changing,environment,Your,benefits,working,Lowe,Canada,By,joining,Lowe,Canada,family,enjoy,many,benefits,An,inclusive,safe,working,environment,Promotion,work,life,balance,Exclusive,employee,discounts,Benefits,insurance,certain,conditions,apply,annual,salary,review,etc,Opportunities,advancement,within,company,An,employer,involved,community,Teamwork,ongoing,training,A,comprehensive,training,program,new,hires,A,company,discount,store,merchandise,A,student,incentive,program,And,much,The,masculine,generic,used,without,discrimination,order,simplify,text,Lowe,Canada,committed,encouraging,diversity,inclusion,We,pleased,consider,applications,qualified,candidates,regardless,race,colour,religion,sexual,orientation,gender,nationality,age,disability,status,protected,law,2,days,ago,Report,job",Merch
5,"At,Lowe,Canada,26,000,employees,let,passion,blossom,every,day,Our,teams,driven,desire,help,people,bring,projects,life,committed,making,difference,communities,serve,We,operate,service,470,corporate,affiliated,dealer,stores,With,distinctive,product,service,offering,complementary,store,formats,ranging,neighbourhood,hardware,stores,big,box,stores,Lowe,RONA,Reno,Depot,Dick,Lumber,banners,always,looking,dedicated,employees,help,meet,needs,DIYers,contractors,You,got,talent,We,got,tools,Here,work,ideas,contribute,building,flourishing,organization,Your,voice,always,heard,valued,You,find,career,opportunities,live,ambitions,able,develop,unique,set,skills,So,looking,love,grow,evolve,within,family,one,best,employers,Canada,according,recent,Forbes,survey,could,perfect,Your,role,Greet,customers,warmly,ensure,good,customer,experience,Assess,customer,needs,provide,expert,advice,horticulture,nursery,department,products,Present,demonstrate,product,highlighting,positive,features,suggest,complementary,products,Maintaining,plants,Support,marketing,products,department,display,merchandise,visual,presentation,labelling,Keep,date,new,products,functions,Ensure,participate,maintenance,department,Be,aware,current,promotions,flyers,Develop,basic,knowledge,departments,store,If,required,operate,forklift,accordance,procedures,policies,organization,Comply,policies,procedures,regarding,loss,prevention,breakage,goods,health,safety,Perform,duties,requested,supervisor,Job,Requirements,The,qualifications,looking,Do,like,physical,work,without,renovation,pro,Do,knack,first,class,customer,service,You,takes,team,ASSET,experience,customer,service,plus,knowledge,Garden,Centre,department,Your,benefits,working,Lowe,Canada,By,joining,Lowe,Canada,family,enjoy,many,benefits,A,fitness,centre,sports,activities,showers,A,childcare,centre,accommodate,78,children,A,cafeteria,delicious,menu,prepared,dedicated,chef,healthy,options,well,Starbucks,Tim,Hortons,coffee,stations,Exclusive,employee,discounts,plus,10,discount,store,merchandise,Lowe,Canada,locations,Benefits,retirement,savings,plan,annual,bonuses,stock,purchase,plan,student,incentive,program,etc,Flexible,hours,remote,working,Electric,car,charging,stations,Career,growth,opportunities,within,company,An,inclusive,safe,working,environment,Promotion,work,life,balance,An,employer,involved,community,And,much,The,masculine,generic,used,without,discrimination,order,simplify,text,Lowe,Canada,committed,encouraging,diversity,inclusion,We,pleased,consider,applications,qualified,candidates,regardless,race,colour,religion,sexual,orientation,gender,nationality,age,disability,status,protected,law,2,days,ago,Report,job",Advisor
6,"OFFICE,COORDINATOR,NOVERO,Homes,Renovations,looking,friendly,experienced,office,coordinator,join,close,knit,work,family,This,position,based,head,office,showroom,Port,Coquitlam,We,position,requires,someone,understanding,construction,design,high,competency,office,administration,project,coordination,multitasking,Position,Overview,The,Office,Coordinator,plays,important,service,oriented,role,supporting,NOVERO,team,encompasses,range,responsibilities,The,position,requires,highly,efficient,focused,individual,able,coordinate,multiple,tasks,projects,given,time,providing,high,level,service,This,individual,must,high,attention,detail,extremely,organized,ideally,understanding,home,design,materials,construction,Other,qualities,role,include,self,starter,working,independently,team,Previous,experience,office,coordinator,required,High,proficiency,Mac,computers,computer,applications,Microsoft,Office,well,excellent,verbal,written,communication,skills,necessary,Role,Duties,Reception,Receive,packages,greet,clients,answer,phones,New,meeting,requests,Quote,requests,Product,orders,Update,maintain,internal,tracking,work,site,supervisors,site,details,Work,orders,Coordinate,track,trades,per,project,conjunction,project,manager,Showroom,Assist,walk,ins,maintain,showroom,space,Product,inventory,Track,stock,conjunction,accounting,department,Work,design,team,execute,information,trades,Work,project,management,system,Co,Construct,update,schedules,tasks,Only,candidates,selected,interviews,contacted,Job,Types,Full,time,Permanent,Salary,20,00,25,00,per,hour,Schedule,8,hour,shift,Work,remotely,No,COVID,19,precaution,Remote,interview,process,Social,distancing,guidelines,place,Virtual,meetings,Sanitizing,disinfecting,cleaning,procedures,place,Today,Report,job",Office Coordinator with Construction
7,"Fraser,Health,continues,recognized,one,BC,Top,Employers,looking,join,diverse,organization,offers,equal,opportunity,employees,If,yes,please,keep,reading,Fraser,Health,responsible,delivery,hospital,community,based,health,services,1,8,million,people,20,diverse,communities,Burnaby,Fraser,Canyon,traditional,territories,Coast,Salish,peoples,Our,team,nearly,40,000,staff,medical,staff,volunteers,dedicated,serving,patients,families,communities,deliver,vision,Better,health,best,health,care,We,hire,great,people,excellent,jobs,We,currently,recruiting,temporary,full,time,temporary,part,time,patient,screeners,join,COVID,19,Assessment,Treatment,Centres,In,order,successful,candidate,positon,need,7,days,availability,position,rotation,We,need,help,expand,ability,deliver,timely,professional,services,number,patient,care,areas,Build,career,experience,working,fast,paced,hospital,environment,Creates,welcoming,presence,staff,clients,patients,visitors,Cultivates,safe,informed,environment,individuals,essential,access,site,Directs,essential,patients,employees,assessment,testing,centers,Ensures,patients,visitors,following,safe,physical,distancing,measures,accordance,established,guidelines,To,join,team,looking,Graduation,Grade,12,One,year,recent,related,experience,An,equivalent,combination,education,training,experience,acceptable,Work,experienced,dedicated,team,join,dedication,provide,quality,care,patients,clients,We,invite,apply,today,find,95,new,employees,recommend,Fraser,Health,friends,family,phenomenal,place,work,We,value,diversity,work,force,aim,maintain,environment,Respect,Caring,Trust,1,day,ago,Report,job",Patient Screener
8,"Do,want,work,fun,social,environment,Browns,Socialhouse,Schoolhouse,looking,hire,part,time,Host,Expo,We,looking,fun,enthusiastic,hardworking,individuals,join,team,The,ideal,candidate,must,available,daytime,shifts,Ideal,candidates,Open,availability,An,upbeat,positive,attitude,A,team,player,mentality,Fantastic,work,ethic,If,sounds,like,something,want,apply,please,come,Schoolhouse,location,2pm,4pm,copy,resume,application,one,members,management,team,happy,meet,86network,com,1,day,ago,Report,job",BROWNS SOCIALHOUSE SCHOOLHOUSE
9,"Recycling,Depot,Operator,Regular,Full,Time,One,BC,Top,Employers,City,Coquitlam,offers,meaningful,career,opportunities,make,difference,within,local,community,As,sixth,largest,city,BC,home,150,000,residents,Our,diverse,municipality,great,place,work,continues,grow,innovative,urban,design,inspiring,arts,culture,recreation,programs,state,art,transportation,systems,Our,brand,built,managing,resources,responsible,sustainable,manner,supporting,vibrant,growing,regional,urban,centre,We,envision,bright,future,Coquitlam,hope,includes,We,seeking,responsible,self,starting,individual,operate,maintain,Town,Centre,Park,Recycling,Depot,providing,great,customer,service,citizens,Coquitlam,You,responsible,effectively,efficiently,ensuring,cleanliness,order,depot,ensuring,recyclables,properly,sorted,maintaining,detailed,records,You,also,provide,assistance,recycling,information,members,public,ensure,removal,materials,contractors,participate,investigations,illegal,dumping,Depot,In,addition,ability,work,well,independently,successful,candidates,must,possess,excellent,customer,service,communication,skills,knowledge,experience,recycling,activities,experience,data,recording,entry,Candidates,must,comfortable,working,outside,types,weather,conditions,Experience,delivering,educational,presentations,formal,conflict,resolution,training,considered,assets,A,valid,BC,Driver,licence,required,This,opportunity,one,1,regular,full,time,position,work,Wednesdays,Sundays,either,9,30am,5,30pm,10,15am,6,15pm,A,CUPE,hourly,rate,30,54,plus,excellent,benefits,package,offered,All,applicants,required,upload,recent,driver,abstract,within,last,30,days,application,Good,people,make,Coquitlam,great,sign,career,alerts,recruitment,portal,stay,date,opportunities,within,team,follow,us,LinkedIn,learn,YouCouldWorkHere,Applicants,consideration,required,undergo,police,security,clearance,evaluation,required,upload,recent,driver,abstract,within,last,30,days,Please,apply,online,www,coquitlam,ca,careers,11,55,pm,March,19,2021,The,City,Coquitlam,Equal,Opportunity,Employer,We,thank,applicants,interest,however,selected,interview,contacted,2,days,ago,Report,job",Recycling Depot Operator
10,"Utility,Worker,Parks,Regular,Full,Time,Parks,Recreation,Culture,Facilities,Department,One,BC,Top,Employers,City,Coquitlam,offers,meaningful,career,opportunities,make,difference,within,local,community,As,sixth,largest,city,BC,home,150,000,residents,Our,diverse,municipality,great,place,work,continues,grow,innovative,urban,design,inspiring,arts,culture,recreation,programs,state,art,transportation,systems,Our,brand,built,managing,resources,responsible,sustainable,manner,supporting,vibrant,growing,regional,urban,centre,We,envision,bright,future,Coquitlam,hope,includes,The,City,Coquitlam,currently,recruiting,two,regular,full,time,Utility,Worker,Parks,join,team,professionals,Parks,Division,This,CUPE,Local,386,position,Reporting,Asset,Operations,Manager,Utility,Worker,Parks,responsible,performing,semi,skilled,manual,work,related,maintenance,inspection,repair,installation,park,features,including,playground,equipment,park,furniture,volleyball,tennis,basketball,ball,hockey,courts,lighting,systems,fencing,backstops,bike,track,skateboard,facilities,pathways,related,paved,areas,Additional,responsibilities,include,maintaining,routine,work,records,mobile,device,undertaking,special,projects,assignments,required,ensuring,parks,clean,safe,public,use,Applicants,considerable,knowledge,park,amenities,furnishings,structures,playgrounds,well,rules,regulations,governing,use,The,Incumbent,also,familiar,methods,materials,equipment,tools,used,performing,routine,parks,maintenance,tasks,including,maintaining,grounds,structures,miscellaneous,parks,infrastructure,Additional,requirements,include,ability,perform,variety,parks,maintenance,tasks,semi,skilled,unskilled,repair,work,construction,maintenance,gardening,routine,natural,artificial,turf,minimal,supervision,These,attributes,matched,Grade,10,plus,completion,BC,Recreation,Parks,Association,Playground,Safety,Awareness,Course,supplemented,completion,basic,carpentry,landscaping,courses,plus,experience,general,parks,maintenance,landscape,work,OR,equivalent,combination,training,experience,Availability,weekend,work,Driver,License,Province,British,Columbia,also,required,The,CUPE,hourly,rate,30,54,plus,excellent,benefits,package,offered,Applicants,consideration,required,undergo,police,security,clearance,evaluation,Please,apply,online,www,coquitlam,ca,careers,11,55,pm,March,21,2021,The,City,Coquitlam,Equal,Opportunity,Employer,We,thank,applicants,interest,however,selected,interview,contacted,CivicInfo,BC,1,day,ago,Report,job",Utility Worker
11,"We,looking,A,mature,hard,working,outgoing,person,positive,attitude,join,Cactus,family,We,currently,looking,fill,Front,Desk,Host,ess,role,4,5,shifts,per,week,We,also,part,time,role,available,minimum,3,shifts,per,week,Experience,restaurant,industry,preferred,requirement,Only,select,individuals,contacted,interview,due,large,number,applicants,receive,86network,com,1,day,ago,Report,job",Hiring PT
12,"We,small,eCommerce,company,selling,hobby,products,nail,polish,yarn,stationery,craft,supplies,You,primarily,picking,packing,orders,applying,shipping,labels,We,pretty,relaxed,long,work,quickly,put,headphones,listen,music,podcasts,audio,books,really,ambitious,folks,Responsibilities,include,Order,Picking,picking,wide,variety,small,products,nail,polish,makeup,skincare,yarn,etc,Order,Packing,taping,boxes,wrapping,products,bubble,wrap,packing,products,securely,working,mostly,small,items,Preparing,shipments,shipping,via,Canada,Post,UPS,entering,addresses,printing,sticking,labels,Restocking,organizing,inventory,Other,duties,needed,Qualifications,Able,work,independently,Very,organized,Excellent,attention,detail,Self,motivated,Fast,packer,good,hands,working,lots,small,items,Strong,communication,skills,Work,Hours,Monday,Friday,7,30am,4,00pm,Job,Types,Full,time,Permanent,Salary,15,00,16,00,per,hour,Job,Types,Full,time,Permanent,Salary,15,00,16,00,per,hour,Schedule,8,hour,shift,24,days,ago,Report,job",Online Retailer Full
13,"Urgently,hiring,Customer,Service,Storefront,Full,time,Position,Description,As,team,member,top,priority,guest,satisfaction,Whether,first,person,guests,encounter,producing,quality,finished,bakery,items,guests,come,enjoy,love,opportunity,deliver,create,exceptional,guest,experiences,Your,energy,passion,guest,service,make,top,team,member,fast,paced,environment,ability,multi,task,communicate,fellow,team,members,contribute,success,Apply,job,Demonstrate,passion,guest,service,creating,exceptional,guest,experiences,Enjoy,working,successful,team,safe,environment,Have,strong,work,ethic,committed,team,As,part,team,offer,Comprehensive,training,Health,Dental,Benefits,Incentive,recognition,programs,Team,Tim,Hortons,Scholarship,Program,Advancement,opportunities,Community,involvement,Expected,Start,Date,2021,03,08,Job,Type,Full,time,Salary,14,00,16,00,per,hour,Benefits,Dental,care,Discounted,free,food,Extended,health,care,Flexible,schedule,On,site,parking,Vision,care,Schedule,8,hour,shift,Education,Secondary,School,Required,Work,remotely,No,COVID,19,precaution,Personal,protective,equipment,provided,required,Plastic,shield,work,stations,Temperature,screenings,Social,distancing,guidelines,place,Sanitizing,disinfecting,cleaning,procedures,place,1,day,ago,Report,job",Store Front
14,"The,City,Burnaby,dedication,creating,sustaining,best,quality,life,work,live,learn,play,supported,goals,keep,us,invested,growth,progress,With,commitment,safe,inclusive,thriving,dynamic,community,objective,hire,like,minded,individuals,share,passion,commitment,employment,contribute,already,outstanding,team,If,passionate,making,difference,community,want,hear,The,Auxiliary,Clerical,Team,City,Burnaby,exciting,opportunity,begin,municipal,career,As,Auxiliary,Clerical,Team,member,opportunity,work,variety,clerical,administrative,assignments,throughout,various,departments,City,including,Engineering,Finance,Information,Technology,departments,Both,full,time,part,time,assignments,varying,lengths,available,depending,operational,requirements,Successful,candidates,provide,coverage,short,term,leaves,special,projects,assist,additional,workflow,Joining,Auxiliary,Clerical,Team,allow,grow,knowledge,City,operations,gain,unique,municipal,experience,allowing,flexibility,apply,skills,diverse,number,City,departments,Position,Requirements,Successful,applicants,possess,following,skills,knowledge,abilities,Proficiency,Microsoft,Office,Word,Excel,Ability,type,minimum,45wpm,Ability,learn,tasks,computer,systems,quickly,Strong,teamwork,customer,services,skills,Experience,working,SAP,another,ERP,system,required,considered,strong,asset,Excellent,interpersonal,skills,focus,providing,customer,service,internal,external,customers,If,ambitious,ability,manage,priorities,professional,efficient,timely,manner,well,adaptable,excel,environment,teamwork,collaboration,required,meet,departmental,organisational,goals,apply,today,Auxiliary,Clerical,Team,members,must,available,work,8,00,AM,4,45,PM,Monday,Friday,8,00,PM,Thursdays,Special,short,term,projects,may,also,require,weekend,availability,This,competition,remain,open,filled,however,interviews,happen,periodically,competition,closed,Please,contact,Human,Resources,604,294,7303,If,receive,confirmation,email,within,one,hour,submitting,application,online,Copies,relevant,professional,certificates,degrees,tickets,required,time,interview,30,days,ago,Report,job",Office Assistant (Clerk Typist 2)
15,"We,women,health,physiotherapy,clinic,The,clinical,office,staffs,team,enhance,client,experience,recovery,So,people,skills,compassion,empathy,absolute,must,job,Excellent,phone,skills,organizational,skills,computer,skills,Intuit,Quickbook,Google,forms,Adobe,etc,also,necessary,Knowledge,ClinicMaster,EMR,book,keeping,knowledge,french,plus,The,job,also,entice,minor,maintenance,activities,laundry,vacuuming,dusting,work,station,part,disinfection,clients,The,clinic,expansion,phase,work,hours,might,grow,full,time,position,Reference,ID,Office,assistant,Part,time,hours,20,25,per,week,Application,deadline,2021,03,04,Expected,start,date,2021,03,15,Job,Types,Full,time,Part,time,Permanent,Salary,From,18,00,per,hour,Benefits,Flexible,schedule,On,site,parking,Tuition,reimbursement,Schedule,Day,shift,No,weekends,COVID,19,considerations,Daily,COVID,19,screen,form,temperature,taken,All,clients,staffs,The,masks,eye,protection,supplied,clinic,Plexiglass,shield,front,staff,All,surfaces,touched,disinfected,client,clinic,Experience,relevant,2,years,Required,Administrative,Duties,Scheduling,Running,errands,Stocking,supplies,Answering,routing,phone,calls,Managing,social,media,Greeting,visitors,Financial,Duties,Processing,expense,reports,Processing,payments,Billing,Payroll,Purchasing,25,days,ago,Report,job",Front Office Assistant
16,"Recycling,Depot,Operator,Regular,Full,Time,One,BC,Top,Employers,City,Coquitlam,offers,meaningful,career,opportunities,make,difference,within,local,community,As,sixth,largest,city,BC,home,150,000,residents,Our,diverse,municipality,great,place,work,continues,grow,innovative,urban,design,inspiring,arts,culture,recreation,programs,state,art,transportation,systems,Our,brand,built,managing,resources,responsible,sustainable,manner,supporting,vibrant,growing,regional,urban,centre,We,envision,bright,future,Coquitlam,hope,includes,We,seeking,responsible,self,starting,individual,operate,maintain,Town,Centre,Park,Recycling,Depot,providing,great,customer,service,citizens,Coquitlam,You,responsible,effectively,efficiently,ensuring,cleanliness,order,depot,ensuring,recyclables,properly,sorted,maintaining,detailed,records,You,also,provide,assistance,recycling,information,members,public,ensure,removal,materials,contractors,participate,investigations,illegal,dumping,Depot,In,addition,ability,work,well,independently,successful,candidates,must,possess,excellent,customer,service,communication,skills,knowledge,experience,recycling,activities,experience,data,recording,entry,Candidates,must,comfortable,working,outside,types,weather,conditions,Experience,delivering,educational,presentations,formal,conflict,resolution,training,considered,assets,A,valid,BC,Driver,licence,required,This,opportunity,one,1,regular,full,time,position,work,Wednesdays,Sundays,either,9,30am,5,30pm,10,15am,6,15pm,A,CUPE,hourly,rate,30,54,plus,excellent,benefits,package,offered,All,applicants,required,upload,recent,driver,abstract,within,last,30,days,application,Good,people,make,Coquitlam,great,sign,career,alerts,recruitment,portal,stay,date,opportunities,within,team,follow,us,LinkedIn,learn,YouCouldWorkHere,Applicants,consideration,required,undergo,police,security,clearance,evaluation,required,upload,recent,driver,abstract,within,last,30,days,Please,apply,online,www,coquitlam,ca,careers,11,55,pm,March,19,2021,The,City,Coquitlam,Equal,Opportunity,Employer,We,thank,applicants,interest,however,selected,interview,contacted,2,days,ago,Report,job",Recycling Depot Operator
17,"The,City,Burnaby,dedication,creating,sustaining,best,quality,life,work,live,learn,play,supported,goals,keep,us,invested,growth,progress,With,commitment,safe,inclusive,thriving,dynamic,community,objective,hire,like,minded,individuals,share,passion,commitment,employment,contribute,already,outstanding,team,If,passionate,making,difference,community,want,hear,The,Auxiliary,Clerical,Team,City,Burnaby,exciting,opportunity,begin,municipal,career,As,Auxiliary,Clerical,Team,member,opportunity,work,variety,clerical,administrative,assignments,throughout,various,departments,City,including,Engineering,Finance,Information,Technology,departments,Both,full,time,part,time,assignments,varying,lengths,available,depending,operational,requirements,Successful,candidates,provide,coverage,short,term,leaves,special,projects,assist,additional,workflow,Joining,Auxiliary,Clerical,Team,allow,grow,knowledge,City,operations,gain,unique,municipal,experience,allowing,flexibility,apply,skills,diverse,number,City,departments,Position,Requirements,Successful,applicants,possess,following,skills,knowledge,abilities,Proficiency,Microsoft,Office,Word,Excel,Ability,type,minimum,45wpm,Ability,learn,tasks,computer,systems,quickly,Strong,teamwork,customer,services,skills,Experience,working,SAP,another,ERP,system,required,considered,strong,asset,Excellent,interpersonal,skills,focus,providing,customer,service,internal,external,customers,If,ambitious,ability,manage,priorities,professional,efficient,timely,manner,well,adaptable,excel,environment,teamwork,collaboration,required,meet,departmental,organisational,goals,apply,today,Auxiliary,Clerical,Team,members,must,available,work,8,00,AM,4,45,PM,Monday,Friday,8,00,PM,Thursdays,Special,short,term,projects,may,also,require,weekend,availability,This,competition,remain,open,filled,however,interviews,happen,periodically,competition,closed,Please,contact,Human,Resources,604,294,7303,If,receive,confirmation,email,within,one,hour,submitting,application,online,Copies,relevant,professional,certificates,degrees,tickets,required,time,interview,30,days,ago,Report,job",Office Assistant (Clerk Typist 2)
18,"Company,description,Legends,Grocery,Co,Is,locally,focused,online,grocery,company,Founded,early,2020,goal,bring,many,locally,made,grown,products,peoples,home,possible,Our,missing,always,deliver,Ridiculously,Good,Groceries,Job,description,Grocery,Product,Picking,Safe,thoughtful,boxing,packaging,products,Working,quick,efficiently,Working,communicating,team,Attention,detail,Customer,focused,attitude,key,Job,Types,Full,time,Part,time,Permanent,Salary,16,00,18,00,per,hour,Schedule,8,hour,shift,Day,shift,Monday,Friday,Weekends,5,days,ago,Report,job",Order Picker
19,"Trail,Appliances,leading,independent,appliance,retailer,Western,Canada,With,11,showrooms,Clearance,Centre,offices,Richmond,Vancouver,Annacis,Island,Cloverdale,fast,growing,company,500,employees,British,Columbia,The,Warehouse,Showroom,Assistant,strive,create,amazing,customer,experience,ensuring,world,class,product,presentation,You,achieve,performing,ongoing,maintenance,displays,unpacking,moving,appliances,around,showroom,small,fixture,repairs,general,warehouse,tasks,As,Warehouse,Showroom,Assistant,Facilitate,physical,movement,appliances,around,showroom,warehouse,areas,Unpack,prepare,appliances,display,Assist,installation,appliances,possible,Coordinate,shipping,receiving,documents,products,moving,store,warehouse,Perform,maintain,general,cleaning,schedule,showroom,including,staff,rooms,office,areas,bathrooms,warehouse,areas,We,hope,passionate,Working,fast,paced,environment,Creating,great,experiences,customers,The,experience,need,Keen,eye,detail,general,upkeep,retail,displays,Previous,retail,showroom,display,warehousing,experience,Ability,lift,move,heavy,objects,appliances,greater,100,lbs,Experience,small,repairs,comfort,using,hand,power,tools,Exceptional,customer,service,skills,friendly,demeanor,Work,environment,Showroom,environment,Full,Time,40,hours,week,Tuesday,Saturday,8,30am,5,00pm,INDHP,We,inspire,possibilities,make,shopping,ridiculously,easy,help,create,special,moments,home,Are,ready,meet,team,4,days,ago,Report,job",Warehouse Assistant
20,"The,Operations,Assistant,works,various,areas,factory,provide,coverage,vacation,leaves,absences,support,peak,seasons,This,fantastic,opportunity,gain,experience,work,towards,permanent,employment,supplement,income,temporary,seasonal,work,In,fast,paced,facility,promote,safety,teamwork,positivity,taking,consideration,company,commitment,seven,Core,Values,Sustainability,people,planet,profit,planning,implementation,actions,related,area,responsibility,Job,description,duties,dependent,position,placed,Company,Overview,As,leading,manufacturer,nutritional,supplements,health,building,products,dedicated,enhancing,wellbeing,customers,research,development,delivery,effective,nutritional,products,It,mission,contribute,lives,customers,employees,suppliers,communities,serve,cooperative,sustainable,manner,Posting,Details,This,position,open,qualified,applicants,legally,entitled,work,country,job,located,Only,electronic,applications,accepted,This,position,close,competitive,candidate,pool,identified,We,thank,applications,however,selected,interview,contacted,You,check,status,application,logging,account,All,best,FG,OCC,Country,Canada,Province,State,British,Columbia,30,days,ago,Report,job",Production Worker (Temporary FT
21,"Steam,Dry,Canada,leader,home,services,business,furnace,duct,cleaning,carpet,cleaning,upholstery,cleaning,emergency,services,looking,professional,self,starter,join,team,Steam,Dry,Canada,progressive,company,focuses,quality,work,customer,service,every,aspect,business,We,looking,individual,shares,vision,customer,service,The,Right,Candidate,reliable,dependent,possess,leadership,qualities,strong,communication,skills,self,motivated,focused,work,minimal,supervision,average,computer,skills,What,expect,Steam,Dry,Canada,Work,company,prides,positive,respectful,progressive,environment,Opportunities,advancement,Industry,leading,wages,bonus,structure,Employee,benefits,If,position,sounds,like,right,fit,please,email,resume,Job,Types,Full,time,Permanent,Salary,50,000,00,65,000,00,per,year,Job,Types,Full,time,Permanent,Salary,50,000,00,60,000,00,per,year,Work,remotely,No,COVID,19,precaution,Remote,interview,process,Social,distancing,guidelines,place,8,days,ago,Report,job",Branch Manager
22,"We,family,owned,operated,butcher,shop,bistro,located,family,farm,We,passionate,eating,local,looking,motivated,team,members,share,love,good,food,great,customer,service,We,currently,hiring,DELI,PRODUCTION,ASSISTANT,For,position,need,Must,able,work,least,one,weekend,day,To,upbeat,friendly,attitude,To,great,work,ethic,fast,paced,team,environment,DELI,PRODUCTION,Responsibilities,Package,cryovac,price,stock,deli,retail,items,Filling,Rotating,deli,items,retail,shelves,Operate,Maintain,machinery,slicer,cryovac,work,stations,End,day,clean,deli,rooms,Working,Conditions,Refrigerated,Rooms,Hot,Cold,Water,Handling,raw,meat,Fresh,Frozen,Working,sharp,knives,equipment,Why,staff,love,working,Flexible,Hours,Benefits,Annual,Company,BBQ,Events,Staff,Family,Discounts,Year,End,Bonuses,Room,Growth,Advancement,Email,resume,better,yet,drop,person,Job,Types,Full,time,Part,time,Salary,From,15,00,per,hour,Work,remotely,No,COVID,19,precaution,Personal,protective,equipment,provided,required,Plastic,shield,work,stations,Social,distancing,guidelines,place,Sanitizing,disinfecting,cleaning,procedures,place,3,days,ago,Report,job",Deli Production Assistant
23,"Our,company,provides,clients,value,unbeatable,customer,service,complete,transparency,integrity,That,makes,us,successful,We,currently,looking,service,minded,individuals,good,communication,skills,fill,several,roles,include,sales,customer,service,Daily,activities,include,Inbound,outbound,calling,setting,appointments,performing,presentations,members,unions,request,benefits,basic,computer,knowledge,completing,necessary,paperwork,quality,control,leadership,development,Position,Benefits,Extensive,training,areas,No,experience,needed,Great,benefits,Fast,paced,fun,environment,Our,reps,average,50k,80k,first,year,Leadership,development,training,Great,weekly,pay,bonuses,Note,equal,opportunity,employer,welcome,applicants,Daily,activities,include,Inbound,outbound,calling,setting,appointments,performing,presentations,members,unions,request,benefits,basic,computer,knowledge,completing,necessary,paperwork,quality,control,leadership,development,What,looking,Team,player,mentality,Punctuality,Strong,customer,service,skills,Basic,computer,skills,Friendly,personality,Detail,oriented,Eager,willing,learn,If,feel,possess,qualities,looking,would,like,see,fit,company,apply,We,looking,hire,end,week,I,set,interview,soonest,available,date,We,email,back,promptly,please,check,emails,response,3nYeRP64Fo,4,days,ago,Report,job",Management Positions
24,"At,Lowe,Canada,26,000,employees,let,passion,blossom,every,day,Our,teams,driven,desire,help,people,bring,projects,life,committed,making,difference,communities,serve,We,operate,service,470,corporate,affiliated,dealer,stores,With,distinctive,product,service,offering,complementary,store,formats,ranging,neighbourhood,hardware,stores,big,box,stores,Lowe,RONA,Reno,Depot,Dick,Lumber,banners,always,looking,dedicated,employees,help,meet,needs,DIYers,contractors,You,got,talent,We,got,tools,Here,work,ideas,contribute,building,flourishing,organization,Your,voice,always,heard,valued,You,find,career,opportunities,live,ambitions,able,develop,unique,set,skills,So,looking,love,grow,evolve,within,family,one,best,employers,Canada,according,recent,Forbes,survey,could,perfect,Your,role,Greet,customers,warmly,ensure,good,customer,experience,Assess,customer,needs,provide,expert,advice,horticulture,nursery,department,products,Present,demonstrate,product,highlighting,positive,features,suggest,complementary,products,Maintaining,plants,Support,marketing,products,department,display,merchandise,visual,presentation,labelling,Keep,date,new,products,functions,Ensure,participate,maintenance,department,Be,aware,current,promotions,flyers,Develop,basic,knowledge,departments,store,If,required,operate,forklift,accordance,procedures,policies,organization,Comply,policies,procedures,regarding,loss,prevention,breakage,goods,health,safety,Perform,duties,requested,supervisor,Job,Requirements,The,qualifications,looking,Do,like,physical,work,without,renovation,pro,Do,knack,first,class,customer,service,You,takes,team,ASSET,experience,customer,service,plus,knowledge,Garden,Centre,department,Your,benefits,working,Lowe,Canada,By,joining,Lowe,Canada,family,enjoy,many,benefits,A,fitness,centre,sports,activities,showers,A,childcare,centre,accommodate,78,children,A,cafeteria,delicious,menu,prepared,dedicated,chef,healthy,options,well,Starbucks,Tim,Hortons,coffee,stations,Exclusive,employee,discounts,plus,10,discount,store,merchandise,Lowe,Canada,locations,Benefits,retirement,savings,plan,annual,bonuses,stock,purchase,plan,student,incentive,program,etc,Flexible,hours,remote,working,Electric,car,charging,stations,Career,growth,opportunities,within,company,An,inclusive,safe,working,environment,Promotion,work,life,balance,An,employer,involved,community,And,much,The,masculine,generic,used,without,discrimination,order,simplify,text,Lowe,Canada,committed,encouraging,diversity,inclusion,We,pleased,consider,applications,qualified,candidates,regardless,race,colour,religion,sexual,orientation,gender,nationality,age,disability,status,protected,law,2,days,ago,Report,job",Advisor
25,"Utility,Worker,Parks,Regular,Full,Time,Parks,Recreation,Culture,Facilities,Department,One,BC,Top,Employers,City,Coquitlam,offers,meaningful,career,opportunities,make,difference,within,local,community,As,sixth,largest,city,BC,home,150,000,residents,Our,diverse,municipality,great,place,work,continues,grow,innovative,urban,design,inspiring,arts,culture,recreation,programs,state,art,transportation,systems,Our,brand,built,managing,resources,responsible,sustainable,manner,supporting,vibrant,growing,regional,urban,centre,We,envision,bright,future,Coquitlam,hope,includes,The,City,Coquitlam,currently,recruiting,two,regular,full,time,Utility,Worker,Parks,join,team,professionals,Parks,Division,This,CUPE,Local,386,position,Reporting,Asset,Operations,Manager,Utility,Worker,Parks,responsible,performing,semi,skilled,manual,work,related,maintenance,inspection,repair,installation,park,features,including,playground,equipment,park,furniture,volleyball,tennis,basketball,ball,hockey,courts,lighting,systems,fencing,backstops,bike,track,skateboard,facilities,pathways,related,paved,areas,Additional,responsibilities,include,maintaining,routine,work,records,mobile,device,undertaking,special,projects,assignments,required,ensuring,parks,clean,safe,public,use,Applicants,considerable,knowledge,park,amenities,furnishings,structures,playgrounds,well,rules,regulations,governing,use,The,Incumbent,also,familiar,methods,materials,equipment,tools,used,performing,routine,parks,maintenance,tasks,including,maintaining,grounds,structures,miscellaneous,parks,infrastructure,Additional,requirements,include,ability,perform,variety,parks,maintenance,tasks,semi,skilled,unskilled,repair,work,construction,maintenance,gardening,routine,natural,artificial,turf,minimal,supervision,These,attributes,matched,Grade,10,plus,completion,BC,Recreation,Parks,Association,Playground,Safety,Awareness,Course,supplemented,completion,basic,carpentry,landscaping,courses,plus,experience,general,parks,maintenance,landscape,work,OR,equivalent,combination,training,experience,Availability,weekend,work,Driver,License,Province,British,Columbia,also,required,The,CUPE,hourly,rate,30,54,plus,excellent,benefits,package,offered,Applicants,consideration,required,undergo,police,security,clearance,evaluation,Please,apply,online,www,coquitlam,ca,careers,11,55,pm,March,21,2021,The,City,Coquitlam,Equal,Opportunity,Employer,We,thank,applicants,interest,however,selected,interview,contacted,CivicInfo,BC,1,day,ago,Report,job",Utility Worker
26,"OUR,MEGA,LOCATION,Cactus,Club,Cafe,COQUITLAM,currently,hiring,PREP,COOKS,LINE,COOKS,DISHWASHERS,Full,Time,Positions,Cactus,Club,Cafe,passionate,hiring,best,developing,people,highest,potential,We,create,leaders,every,level,organization,potential,career,growth,limitless,continue,expand,across,country,YOU,ARE,An,organized,efficient,team,player,strong,work,ethic,Passionate,culinary,arts,focus,exceptional,guest,experience,Versed,health,safety,food,preparation,Eager,learn,process,operating,busy,kitchen,WE,WILL,Hold,highest,standard,Platinum,member,Canada,50,Best,Managed,Companies,Top,Employer,Young,People,one,Canada,10,Most,Admired,Corporate,Cultures,Offer,flexible,scheduling,50,Cactus,menu,favourites,shift,Provide,continuous,training,development,opportunities,Ensure,work,FUN,team,Check,us,Instagram,APPLY,NOW,To,apply,please,email,resume,DO,NOT,apply,person,restaurant,due,current,Covid,19,Pandemic,able,provide,interview,unless,previously,scheduled,appointment,Part,time,hours,20,40,per,week,Job,Types,Full,time,Part,time,Salary,15,00,21,00,per,hour,Additional,pay,Tips,Benefits,Discounted,free,food,Flexible,schedule,On,site,parking,Paid,time,Schedule,8,hour,shift,Holidays,Night,shift,Weekends,COVID,19,considerations,Feel,free,bring,topic,interview,implementing,high,level,protection,staff,guests,Experience,cooking,1,year,Preferred,Work,remotely,No,30,days,ago,Report,job",Hiring Full time Line cooks
27,"Do,want,work,one,British,Columbia,top,employers,Do,empower,individuals,engage,connect,within,communities,If,answered,yes,questions,want,continue,reading,Fraser,Health,responsible,delivery,hospital,community,based,health,services,1,8,million,people,20,diverse,communities,Burnaby,Fraser,Canyon,traditional,territories,Coast,Salish,peoples,Our,team,nearly,40,000,staff,medical,staff,volunteers,dedicated,serving,patients,families,communities,deliver,vision,Better,health,best,health,care,We,hire,great,people,excellent,jobs,We,currently,recruiting,temporary,full,time,part,time,casual,clerks,join,COVID,19,Assessment,Treatment,Centres,We,need,help,expand,ability,deliver,timely,professional,services,number,patient,care,areas,Current,future,opportunities,may,available,following,locations,Tri,Cities,Maple,Ridge,Burnaby,Build,career,experience,Registering,new,clients,COVID,19,Assessment,Treatment,Centres,Books,appointments,answers,directs,incoming,calls,staff,Provides,administrative,duties,preparing,correspondence,reports,documents,Inputs,client,information,maintains,registers,utilizing,various,software,systems,Prepares,various,informational,resource,packages,designing,updating,photocopying,collating,packages,brochures,distribution,Your,qualifications,include,Grade,12,Office,Assistant,Certificate,recent,related,experience,six,months,An,equivalent,combination,education,training,experience,acceptable,If,sounds,like,ideal,role,reasons,apply,A,career,fast,growing,exciting,organization,professionals,excellent,respective,fields,A,chance,make,difference,every,single,day,world,health,care,Valued,Benefits,A,career,Fraser,Health,offer,opportunity,part,dedicated,team,professionals,dynamic,exciting,health,care,environment,Work,expert,team,join,dedication,provide,quality,care,patients,clients,We,invite,apply,today,find,95,new,employees,recommend,Fraser,Health,friends,family,excellent,place,work,We,value,diversity,work,force,aim,maintain,environment,Respect,Care,Trust,30,days,ago,Report,job",Clerk
28,"We,small,eCommerce,company,selling,hobby,products,nail,polish,yarn,stationery,craft,supplies,You,primarily,picking,packing,orders,applying,shipping,labels,We,pretty,relaxed,long,work,quickly,put,headphones,listen,music,podcasts,audio,books,really,ambitious,folks,Responsibilities,include,Order,Picking,picking,wide,variety,small,products,nail,polish,makeup,skincare,yarn,etc,Order,Packing,taping,boxes,wrapping,products,bubble,wrap,packing,products,securely,working,mostly,small,items,Preparing,shipments,shipping,via,Canada,Post,UPS,entering,addresses,printing,sticking,labels,Restocking,organizing,inventory,Other,duties,needed,Qualifications,Able,work,independently,Very,organized,Excellent,attention,detail,Self,motivated,Fast,packer,good,hands,working,lots,small,items,Strong,communication,skills,Work,Hours,Monday,Friday,7,30am,4,00pm,Job,Types,Full,time,Permanent,Salary,15,00,16,00,per,hour,Job,Types,Full,time,Permanent,Salary,15,00,16,00,per,hour,Schedule,8,hour,shift,24,days,ago,Report,job",Online Retailer Full
29,"Company,Description,Locally,owned,operated,McDonalds,restaurant,TYGO,Enterprises,Ltd,looking,hire,people,want,work,Full,Time,Part,Time,Looking,Members,interested,working,service,area,kitchen,Available,anytime,weekdays,weekends,Weekdays,High,Demand,Additional,Information,Starting,rate,15,00,potential,experience,Competitive,Pay,50,food,discount,across,Canada,days,Performance,Evaluations,Every,6,Months,Free,uniform,pants,shirts,comfort,Flexible,Schedule,27,days,ago,Report,job",FULL TIME Early Morning Crew Member 6
30,"We,hiring,Production,Worker,fixed,afternoon,shift,Monday,Friday,experience,necessary,train,This,position,reports,directly,Line,Leaders,Production,Supervisor,Production,Manager,Why,work,us,100,company,paid,employee,family,benefit,coverage,including,Extended,health,Prescription,drugs,eyeglass,coverage,Dental,benefits,Paid,sick,leave,Extra,paid,days,Christmas,Life,Ad,D,Long,term,disability,benefits,Fun,events,Solid,allowances,use,products,fitness,membership,incentives,Growth,within,company,Responsibilities,Follow,required,company,SOP,GMP,Health,Safety,Standards,Maintain,cleanliness,sanitation,equipment,assigned,area,job,involves,cleaning,Ensure,accuracy,production,data,including,dates,labels,packaging,Ensure,product,packed,right,proper,container,tray,bag,box,Cross,training,rotate,various,positions,line,Other,duties,assigned,Knowledge,Skills,Abilities,Must,CSA,approved,safety,boots,able,repetitive,work,Frequent,lifting,45,lbs,Should,allergies,dust,dairy,whey,nut,products,Must,able,keep,pace,others,line,use,tools,equipment,Job,Types,Full,time,Permanent,Work,hours,2,30,pm,11,pm,Salary,Day,15,50,per,hour,Afternoon,16,50,Job,Types,Full,time,Permanent,Salary,16,50,per,hour,Benefits,Casual,dress,Company,events,Dental,care,Discounted,free,food,Employee,assistance,program,Extended,health,care,On,site,parking,Paid,time,Vision,care,Schedule,8,hour,shift,Monday,Friday,Work,remotely,No,COVID,19,precaution,Personal,protective,equipment,provided,required,Temperature,screenings,Social,distancing,guidelines,place,Sanitizing,disinfecting,cleaning,procedures,place,1,day,ago,Report,job",Production Worker
31,"Tire,Technician,Seasonal,Training,Provided,Are,looking,job,offers,excellent,training,opportunities,hands,skills,chance,help,people,get,back,road,We,hiring,seasonal,part,time,full,time,tire,technicians,As,one,tire,technicians,get,take,part,Kal,Tire,world,class,training,program,mentorship,help,customers,enjoy,road,safely,Enjoy,chance,active,use,hands,make,things,happen,customers,every,day,You,also,get,part,culture,safety,passionate,safety,delivering,outstanding,service,experiences,Grow,resume,skills,great,company,cares,This,role,Kal,Tire,Store,located,2573,RUNNEL,DR,COQUITLAM,BC,V3E,1S3,Join,seasonal,team,today,4,days,ago,Report,job",Tire Technician
32,"Cook,Categories,Line,cook,Work,Setting,Restaurant,Specific,Skills,Inspect,kitchens,food,service,areas,Prepare,cook,special,meals,patients,instructed,dietitian,chef,Clean,kitchen,work,areas,Prepare,cook,complete,meals,individual,dishes,foods,Work,Conditions,Physical,Capabilities,Fast,paced,environment,Work,pressure,Repetitive,tasks,Attention,detail,Standing,extended,periods,Personal,Suitability,Initiative,Flexibility,Team,player,Client,focus,Judgement,Reliability,Organized,Canadian,Job,Bank,30,days,ago,Report,job",line cook
33,"Additional,Skills,Requisition,order,materials,equipment,supplies,Organize,maintain,inventory,Oversee,sales,merchandising,baked,goods,Work,Setting,Bake,shop,Specific,Skills,Prepare,special,orders,Inspect,kitchen,food,service,areas,Ensure,quality,products,meets,established,standards,Bake,mixed,dough,batters,Prepare,dough,pies,bread,rolls,sweet,goods,batters,muffins,cookies,cakes,icings,frostings,according,recipes,special,customer,orders,Operate,machinery,Work,Conditions,Physical,Capabilities,Fast,paced,environment,Work,pressure,Repetitive,tasks,Handling,heavy,loads,Physically,demanding,Manual,dexterity,Attention,detail,Hand,eye,co,ordination,Ability,distinguish,colours,Standing,extended,periods,Tight,deadlines,Overtime,required,Work,Location,Information,In,shop,Food,Specialties,Desserts,pastries,Breads,rolls,Personal,Suitability,Accurate,Team,player,Excellent,oral,communication,Client,focus,Dependability,Judgement,Reliability,Canadian,Job,Bank,9,days,ago,Report,job",pastry maker
34,"Our,company,provides,clients,value,unbeatable,customer,service,complete,transparency,integrity,That,makes,us,successful,We,currently,looking,service,minded,individuals,good,communication,skills,fill,several,roles,include,sales,customer,service,Daily,activities,include,Inbound,outbound,calling,setting,appointments,performing,presentations,members,unions,request,benefits,basic,computer,knowledge,completing,necessary,paperwork,quality,control,leadership,development,Position,Benefits,Extensive,training,areas,No,experience,needed,Great,benefits,Fast,paced,fun,environment,Our,reps,average,50k,80k,first,year,Leadership,development,training,Great,weekly,pay,bonuses,Note,equal,opportunity,employer,welcome,applicants,Daily,activities,include,Inbound,outbound,calling,setting,appointments,performing,presentations,members,unions,request,benefits,basic,computer,knowledge,completing,necessary,paperwork,quality,control,leadership,development,What,looking,Team,player,mentality,Punctuality,Strong,customer,service,skills,Basic,computer,skills,Friendly,personality,Detail,oriented,Eager,willing,learn,If,feel,possess,qualities,looking,would,like,see,fit,company,apply,We,looking,hire,end,week,I,set,interview,soonest,available,date,We,email,back,promptly,please,check,emails,response,3nYeRP64Fo,4,days,ago,Report,job",Management Positions
35,"Cook,Train,staff,preparation,cooking,handling,food,Supervise,kitchen,staff,helpers,Order,supplies,equipment,Manage,kitchen,operations,Clean,kitchen,work,areas,Maintain,inventory,records,food,supplies,equipment,Prepare,cook,complete,meals,individual,dishes,food,Wash,dishes,pots,utensils,etc,Part,time,hours,20,50,per,week,Job,Types,Full,time,Part,time,Salary,14,60,20,00,per,hour,Experience,Culinary,1,year,Preferred,cooking,1,year,Preferred,Licence,Certification,Food,Safe,SafeCheck,Food,Handler,equivalent,Preferred,Job,Duties,Follow,recipes,presentation,specifications,Clean,maintain,station,practicing,good,safety,sanitation,Oversee,kitchen,operations,Maintain,inventory,record,food,supplies,equipment,Additional,Duties,Recording,food,temperature,Preparing,reports,Work,remotely,No,COVID,19,precaution,Sanitizing,disinfecting,cleaning,procedures,place,Just,posted,Report,job",Kitchen H
36,"Utility,Worker,Parks,Regular,Full,Time,Parks,Recreation,Culture,Facilities,Department,One,BC,Top,Employers,City,Coquitlam,offers,meaningful,career,opportunities,make,difference,within,local,community,As,sixth,largest,city,BC,home,150,000,residents,Our,diverse,municipality,great,place,work,continues,grow,innovative,urban,design,inspiring,arts,culture,recreation,programs,state,art,transportation,systems,Our,brand,built,managing,resources,responsible,sustainable,manner,supporting,vibrant,growing,regional,urban,centre,We,envision,bright,future,Coquitlam,hope,includes,The,City,Coquitlam,currently,recruiting,two,regular,full,time,Utility,Worker,Parks,join,team,professionals,Parks,Division,This,CUPE,Local,386,position,Reporting,Asset,Operations,Manager,Utility,Worker,Parks,responsible,performing,semi,skilled,manual,work,related,maintenance,inspection,repair,installation,park,features,including,playground,equipment,park,furniture,volleyball,tennis,basketball,ball,hockey,courts,lighting,systems,fencing,backstops,bike,track,skateboard,facilities,pathways,related,paved,areas,Additional,responsibilities,include,maintaining,routine,work,records,mobile,device,undertaking,special,projects,assignments,required,ensuring,parks,clean,safe,public,use,Applicants,considerable,knowledge,park,amenities,furnishings,structures,playgrounds,well,rules,regulations,governing,use,The,Incumbent,also,familiar,methods,materials,equipment,tools,used,performing,routine,parks,maintenance,tasks,including,maintaining,grounds,structures,miscellaneous,parks,infrastructure,Additional,requirements,include,ability,perform,variety,parks,maintenance,tasks,semi,skilled,unskilled,repair,work,construction,maintenance,gardening,routine,natural,artificial,turf,minimal,supervision,These,attributes,matched,Grade,10,plus,completion,BC,Recreation,Parks,Association,Playground,Safety,Awareness,Course,supplemented,completion,basic,carpentry,landscaping,courses,plus,experience,general,parks,maintenance,landscape,work,OR,equivalent,combination,training,experience,Availability,weekend,work,Driver,License,Province,British,Columbia,also,required,The,CUPE,hourly,rate,30,54,plus,excellent,benefits,package,offered,Applicants,consideration,required,undergo,police,security,clearance,evaluation,Please,apply,online,www,coquitlam,ca,careers,11,55,pm,March,21,2021,The,City,Coquitlam,Equal,Opportunity,Employer,We,thank,applicants,interest,however,selected,interview,contacted,CivicInfo,BC,1,day,ago,Report,job",Utility Worker
37,"Job,Number,J0221,1693,Job,Title,Seasonal,Parks,Labourers,Job,Type,Temporary,Full,Time,Employment,Group,CUPE,Outside,Date,Posted,February,24,2021,Closing,Date,March,14,2021,Job,Category,Parks,City,Port,Moody,Province,State,British,Columbia,Salary,Range,27,45,29,54,Hour,The,City,Port,Moody,looking,enthusiastic,hard,working,individuals,provide,temporary,full,time,seasonal,labour,assistance,Parks,Environment,department,These,positions,perform,basic,maintenance,work,including,operating,variety,small,equipment,trucks,related,duties,well,emergency,work,following,operational,safety,procedures,This,routine,manual,work,entailing,considerable,physical,effort,agility,safe,performance,variety,unskilled,semi,skilled,jobs,turf,field,maintenance,irrigation,system,maintenance,parks,maintenance,landscape,maintenance,maintenance,playgrounds,spray,parks,invasive,plant,removal,cleaning,public,areas,facilities,The,Labourer,drive,operate,variety,equipment,performing,tasks,grass,cutting,weeding,litter,collection,This,position,also,assists,emergency,maintenance,repairs,Labourers,may,assigned,tasks,based,experience,operational,need,Various,start,dates,March,June,working,approximately,October,15,2021,Please,note,employment,City,Port,Moody,subject,receipt,satisfactory,police,information,check,well,satisfactory,driver,abstract,The,City,Port,Moody,strives,employer,choice,offers,excellent,benefits,package,well,professional,development,opportunities,Basic,Qualifications,Grade,12,education,plus,minimum,six,months,job,related,experience,including,experience,Experience,using,various,types,machinery,construction,landscape,sites,Experience,maintenance,parks,sports,fields,irrigation,systems,playgrounds,Experience,traffic,control,snow,removal,flood,control,emergency,response,Experience,landscaping,horticultural,tasks,Experience,restoration,projects,natural,areas,Knowledge,ability,identify,invasive,plants,interest,invasive,plant,removal,Self,motivated,excellent,interpersonal,skills,Ability,operate,variety,small,equipment,safely,efficiently,Sufficient,physical,strength,stamina,coordination,permit,performance,heavy,manual,outdoor,work,weather,conditions,Valid,Class,5,Driver,License,N,9,days,ago,Report,job",Seasonal Parks Labourers
38,"Do,want,work,one,British,Columbia,top,employers,Do,empower,individuals,engage,connect,within,communities,If,answered,yes,questions,want,continue,reading,Fraser,Health,responsible,delivery,hospital,community,based,health,services,1,8,million,people,20,diverse,communities,Burnaby,Fraser,Canyon,traditional,territories,Coast,Salish,peoples,Our,team,nearly,40,000,staff,medical,staff,volunteers,dedicated,serving,patients,families,communities,deliver,vision,Better,health,best,health,care,We,hire,great,people,excellent,jobs,We,currently,recruiting,temporary,full,time,temporary,part,time,clerks,join,COVID,19,Assessment,Treatment,Centres,In,order,successful,candidate,positon,need,7,days,availability,position,rotation,We,need,help,expand,ability,deliver,timely,professional,services,number,patient,care,areas,Current,future,opportunities,may,available,following,locations,Surrey,Coquitlam,Abbotsford,Build,career,experience,Registering,new,clients,COVID,19,Assessment,Treatment,Centres,Books,appointments,answers,directs,incoming,calls,staff,Provides,administrative,duties,preparing,correspondence,reports,documents,Inputs,client,information,maintains,registers,utilizing,various,software,systems,Prepares,various,informational,resource,packages,designing,updating,photocopying,collating,packages,brochures,distribution,Your,qualifications,include,Grade,12,Office,Assistant,Certificate,recent,related,experience,six,months,An,equivalent,combination,education,training,experience,acceptable,If,sounds,like,ideal,role,reasons,apply,A,career,fast,growing,exciting,organization,professionals,excellent,respective,fields,A,chance,make,difference,every,single,day,world,health,care,Valued,Benefits,A,career,Fraser,Health,offer,opportunity,part,dedicated,team,professionals,dynamic,exciting,health,care,environment,Work,expert,team,join,dedication,provide,quality,care,patients,clients,We,invite,apply,today,find,95,new,employees,recommend,Fraser,Health,friends,family,excellent,place,work,We,value,diversity,work,force,aim,maintain,environment,Respect,Care,Trust,10,days,ago,Report,job",Clerk
39,"Packager,Vitacore,Industries,https,vitacore,ca,manufactures,personal,protective,equipment,Canadian,frontline,workers,We,proud,first,Canadian,Company,approved,Health,Canada,produce,CAN95,CAN99,medical,grade,respirators,tested,higher,filtration,rate,NIOSH,standard,currently,place,The,role,regular,full,time,position,following,shift,Monday,Friday,8,4,00,p,includes,30,minute,paid,break,Full,benefits,successful,completion,3,month,probation,period,Job,responsibilities,Pulls,packs,product,base,daily,orders,Meet,specifics,customer,orders,timely,manner,Keep,products,separated,organized,good,rotation,Monitors,product,quality,frequently,reporting,problems,mitigate,safety,issues,Reports,mechanical,problems,Utilizes,continuous,improvement,mindset,assists,identifying,opportunities,improve,process,Follows,good,manufacturing,practices,required,work,safe,practices,Maintains,clean,sanitary,safe,work,area,Keep,track,inventory,Performs,duties,assigned,Qualifications,Skills,Scanning,sorting,outgoing,stock,Pulling,packing,loading,Receiving,stocking,stacking,Excellent,attention,details,Excellent,organizational,skills,3,days,ago,Report,job",Packager
40,"Retail,Warehouse,Production,Associates,Who,Value,Village,part,Savers,family,stores,We,profit,global,thrift,retailer,offering,great,quality,gently,used,clothing,accessories,household,goods,Our,Rethink,Reuse,business,model,purchasing,reselling,recycling,gives,communities,smart,way,shop,keeps,700,million,pounds,used,goods,landfills,year,We,also,help,100,nonprofit,organizations,purchasing,donated,goods,provides,source,revenue,help,support,vital,community,programs,services,We,operate,300,locations,Our,brands,Value,Village,Canada,U,S,Village,des,Valeurs,Quebec,Savers,U,S,Unique,U,S,Savers,Australia,Summary,Positions,At,Value,Village,Retail,Warehouse,Production,Associates,create,awesome,experience,Customers,Donors,Team,Members,We,hiring,Full,Time,Part,Time,positions,may,include,Retail,Merchandise,Sorters,Pricers,Inventory,Receivers,Processors,Stockers,Material,Handlers,Recyclers,Warehouse,Production,Associates,Community,Donation,Center,Ambassadors,What,expect,A,commitment,protecting,health,safety,Team,Members,Great,benefits,paid,training,career,development,bonus,opportunities,competitive,wage,50,Team,Member,discount,Our,Team,great,one,made,people,many,different,backgrounds,experiences,perspectives,something,special,contribute,You,positively,impact,Team,Members,Customers,Donors,Your,Community,Environment,Value,Village,Equal,Opportunity,Employer,General,Labour,540,Clarke,Rd,Coquitlam,BC,V3J,3X5,30,days,ago,Report,job",Retail Warehouse
41,"Credentials,certificates,licences,memberships,courses,etc,Child,development,assistant,ECE,level,1,Early,Childhood,Educator,Assistant,Skills,Discuss,progress,problems,children,staff,meetings,Bathe,diaper,feed,infants,toddlers,Support,early,childhood,educators,carrying,programs,promote,physical,cognitive,emotional,social,development,children,Engage,children,activities,telling,stories,teaching,songs,preparing,crafts,Prepare,snacks,arrange,rooms,furniture,lunch,rest,periods,Submit,written,observations,children,early,childhood,educators,supervisors,Children,Ages,5,years,1,year,2,years,3,years,4,years,Additional,Skills,Maintain,daycare,equipment,assist,housekeeping,cooking,duties,Assist,early,childhood,educators,supervisors,keeping,records,Plan,organize,activities,school,age,children,child,care,programs,regular,school,hours,Work,Setting,Day,care,centre,nursery,school,Child,care,centre,Work,Site,Environment,Non,smoking,Work,Conditions,Physical,Capabilities,Combination,sitting,standing,walking,Bending,crouching,kneeling,Work,Location,Information,Urban,area,Personal,Suitability,Flexibility,Team,player,Dependability,Values,ethics,Reliability,Punctuality,Canadian,Job,Bank,30,days,ago,Report,job",early childhood educator assistant
42,"Are,outgoing,Good,multitasking,Like,part,fun,busy,atmosphere,Then,send,resume,place,Applicants,able,work,variety,shifts,days,nights,weekends,86network,com,24,days,ago,Report,job",Hiring Hosts
43,"Weight,Handling,Up,23,kg,50,lbs,Work,Setting,Tobacco,processing,plant,Specific,Skills,Remove,filled,containers,conveyors,Manually,pack,goods,bags,boxes,containers,Feed,unload,processing,machines,Feed,flattened,boxes,forming,machines,construct,containers,Clean,machines,immediate,work,areas,Check,products,packaging,basic,quality,defects,Assist,process,control,machine,operators,performing,duties,Transport,raw,materials,finished,products,packaging,materials,Measure,dump,ingredients,hoppers,mixing,grinding,machines,Security,Safety,Criminal,record,check,Work,Conditions,Physical,Capabilities,Fast,paced,environment,Work,pressure,Repetitive,tasks,Handling,heavy,loads,Physically,demanding,Manual,dexterity,Attention,detail,Standing,extended,periods,Bending,crouching,kneeling,Personal,Suitability,Effective,interpersonal,skills,Flexibility,Team,player,Client,focus,Reliability,Canadian,Job,Bank,6,days,ago,Report,job",tobacco packer
44,"Position,Seasonal,Labourer,Facility,Golden,Eagle,Golf,Club,36,hole,facility,located,Pitt,Meadows,BC,Job,Description,Early,start,times,starting,5,00,May,August,Flexible,start,date,end,date,college,high,school,Primarily,outside,work,requiring,occasional,heavy,lifting,Will,required,work,shift,basis,including,weekends,holidays,Good,communication,skills,required,Ability,meet,deadlines,limited,supervision,Job,Responsibilities,include,limited,Daily,set,golf,course,including,pin,placement,tee,set,traffic,control,Maintenance,pond,banks,cart,paths,trees,brush,removal,Maintaining,raking,sand,bunkers,Mowing,tasks,previous,experience,Compensation,Starting,wage,16,00,per,hour,additional,compensation,based,relevant,work,experience,Discounts,merchandise,food,Golfing,privileges,Part,time,hours,20,40,per,week,Job,Types,Full,time,Part,time,Casual,Salary,From,16,00,per,hour,Benefits,Discounted,free,food,Store,discount,Schedule,8,hour,shift,Holidays,Weekends,COVID,19,precaution,Social,distancing,guidelines,place,Sanitizing,disinfecting,cleaning,procedures,place,4,days,ago,Report,job",Golf Course Maintenance
